step,train_acc,test_acc,loss
1,1.403061207383871,0.7651434279978275,4.690194606781006
2,2.5722788646817207,0.7013814989477396,4.670804977416992
3,2.7423469349741936,0.6801275070756674,4.671414852142334
4,3.0399659648537636,0.5313496105372906,4.626298427581787
5,2.678571455180645,0.5100956186652184,4.637591361999512
6,3.1887754797935486,0.5100956186652184,4.64691162109375
7,4.31547611951828,0.2550478093326092,4.603541374206543
8,4.61309514939785,0.2763018012046814,4.6075263023376465
9,4.91071417927742,0.38257171399891376,4.608205795288086
10,5.1232993602752686,0.2763018012046814,4.543268203735352
11,5.102040618658066,0.23379384074360132,4.519721031188965
12,4.8256803303956985,0.2550478093326092,4.534746170043945
13,4.634353518486023,0.2550478093326092,4.4904913902282715
14,4.655612260103226,0.2763018012046814,4.471142292022705
15,5.080782249569893,0.2975557930767536,4.473781585693359
16,5.50595223903656,0.3613177454099059,4.466738224029541
17,5.95238097012043,0.2550478093326092,4.453712463378906
18,6.016156449913979,0.1487778965383768,4.43234920501709
19,6.143707409501076,0.23379384074360132,4.4005022048950195
20,6.356292217969894,0.2125398488715291,4.445659637451172
21,6.207482889294624,0.17003187676891685,4.367647647857666
22,6.590136140584946,0.1275239046663046,4.387765407562256
23,7.036564499139786,0.08501593838445842,4.340191841125488
24,7.185374200344086,0.10626992443576455,4.416409492492676
25,7.121598720550537,0.0637619523331523,4.365390300750732
26,7.121598720550537,0.04250796919222921,4.364620208740234
27,7.249149680137634,0.021253984596114606,4.338205337524414
28,7.2278909385204315,0.0,4.310914516448975
29,7.525510340929031,0.021253984596114606,4.323665618896484
30,7.73809477686882,0.021253984596114606,4.360724925994873
31,8.312074840068817,0.0,4.269786834716797
32,9.0773805975914,0.0,4.2843756675720215
33,9.2261902987957,0.0,4.24678897857666
34,9.204931557178497,0.0,4.215310096740723
35,9.289965778589249,0.04250796919222921,4.309002876281738
36,9.332482516765594,0.04250796919222921,4.24869966506958
37,9.098639339208603,0.0637619523331523,4.220769882202148
38,8.864795416593552,0.0637619523331523,4.254608631134033
39,9.289965778589249,0.04250796919222921,4.243621349334717
40,9.545067697763443,0.0637619523331523,4.214259624481201
41,9.82142835855484,0.04250796919222921,4.163191795349121
42,10.26785671710968,0.021253984596114606,4.177269458770752
43,10.671768337488174,0.021253984596114606,4.219311237335205
44,11.075679957866669,0.0,4.205477237701416
45,11.628401279449463,0.0,4.211493968963623
46,11.564625799655914,0.0,4.147943019866943
47,11.628401279449463,0.0,4.11127233505249
48,12.032312899827957,0.0,4.155904769897461
49,12.542517483234406,0.0,4.087224960327148
50,12.585033476352692,0.0,4.126605987548828
51,12.755101919174194,0.0,4.115744590759277
52,12.882652878761292,0.04250796919222921,4.123311519622803
53,12.755101919174194,0.021253984596114606,4.057625770568848
54,13.201530277729034,0.0,3.982480049133301
55,13.09523731470108,0.0,4.0588178634643555
56,13.307823240756989,0.021253984596114606,4.030243873596191
57,13.159012794494629,0.021253984596114606,4.0410051345825195
58,13.584183156490326,0.04250796919222921,4.109736442565918
59,14.519557356834412,0.021253984596114606,4.048880577087402
60,15.263605117797852,0.021253984596114606,4.011991024017334
61,15.47618955373764,0.021253984596114606,4.015589714050293
62,16.22023731470108,0.021253984596114606,3.945800304412842
63,16.22023731470108,0.0,3.896963596343994
64,16.326530277729034,0.0,4.030045509338379
65,16.90050959587097,0.04250796919222921,3.8978333473205566
66,17.431972920894623,0.04250796919222921,3.9030134677886963
67,17.368197441101074,0.04250796919222921,3.9267125129699707
68,17.814625799655914,0.04250796919222921,3.9320356845855713
69,18.112245202064514,0.0,3.89490008354187
70,17.963434755802155,0.0,3.816209316253662
71,18.133503198623657,0.0,3.8589890003204346
72,18.00595223903656,0.0,3.8204894065856934
73,19.13265287876129,0.0,3.744873523712158
74,19.834183156490326,0.021253984596114606,3.7449188232421875
75,20.30187100172043,0.021253984596114606,3.7543911933898926
76,21.21598571538925,0.021253984596114606,3.7839720249176025
77,21.896257996559143,0.0,3.714669942855835
78,22.25765287876129,0.0,3.6925535202026367
79,22.278910875320435,0.021253984596114606,3.7677292823791504
80,23.022958636283875,0.021253984596114606,3.7097535133361816
81,23.12925159931183,0.0,3.7616825103759766
82,23.59693795442581,0.0,3.6522040367126465
83,23.852039873600006,0.0,3.6895751953125
84,24.63860511779785,0.0,3.6407065391540527
85,25.255101919174194,0.0,3.5952553749084473
86,25.722789764404297,0.0,3.457508087158203
87,26.63690447807312,0.0,3.577430009841919
88,27.040815353393555,0.0,3.5045976638793945
89,27.59353816509247,0.0,3.5938758850097656
90,28.231292963027954,0.0,3.4960784912109375
91,28.911563754081726,0.0,3.430419445037842
92,30.12329936027527,0.021253984596114606,3.3501486778259277
93,30.86734712123871,0.021253984596114606,3.4817798137664795
94,31.887754797935486,0.021253984596114606,3.4093823432922363
95,32.27040767669678,0.0,3.3618619441986084
96,33.56717526912689,0.0,3.411006450653076
97,34.2474490404129,0.0,3.3717026710510254
98,34.60884392261505,0.0,3.339728593826294
99,34.778910875320435,0.0,3.308112621307373
100,35.671767592430115,0.021253984596114606,3.323789119720459
101,36.28826439380646,0.021253984596114606,3.218832015991211
102,37.542515993118286,0.04250796919222921,3.190166711807251
103,38.32907974720001,0.08501593838445842,3.221198320388794
104,38.52040767669678,0.08501593838445842,3.1401422023773193
105,38.9668345451355,0.1275239046663046,3.085145950317383
106,39.838433265686035,0.10626992443576455,3.12300181388855
107,41.262754797935486,0.0637619523331523,3.1481754779815674
108,41.94302558898926,0.0637619523331523,3.0893046855926514
109,41.262754797935486,0.08501593838445842,3.01167368888855
110,41.39030575752258,0.08501593838445842,2.9866373538970947
111,42.49574840068817,0.04250796919222921,2.9344229698181152
112,43.77125799655914,0.04250796919222921,3.008855104446411
113,44.43027079105377,0.08501593838445842,2.891141176223755
114,44.897958636283875,0.1275239046663046,2.8592844009399414
115,45.89710831642151,0.1275239046663046,2.799147605895996
116,47.38520383834839,0.1275239046663046,2.809190511703491
117,48.49064648151398,0.10626992443576455,2.801332473754883
118,48.8095223903656,0.10626992443576455,2.7978475093841553
119,49.511054158210754,0.10626992443576455,2.687289237976074
120,49.97873902320862,0.1275239046663046,2.6711626052856445
121,50.78656077384949,0.17003187676891685,2.639497756958008
122,51.91326141357422,0.19128585699945688,2.6928462982177734
123,52.61479616165161,0.1487778965383768,2.6351232528686523
124,53.48639488220215,0.17003187676891685,2.617811679840088
125,54.18792366981506,0.1487778965383768,2.5237622261047363
126,54.76190447807312,0.17003187676891685,2.4429991245269775
127,55.20833134651184,0.17003187676891685,2.476571559906006
128,56.56887888908386,0.1275239046663046,2.4651637077331543
129,57.82312750816345,0.23379384074360132,2.4419257640838623
130,58.1845223903656,0.23379384074360132,2.3581457138061523
131,59.31122303009033,0.23379384074360132,2.277155876159668
132,61.20322942733765,0.2125398488715291,2.355569362640381
133,61.35203838348389,0.23379384074360132,2.258498191833496
134,62.35119104385376,0.2125398488715291,2.253730297088623
135,63.350337743759155,0.2550478093326092,2.179655075073242
136,64.00935053825378,0.2550478093326092,2.1543965339660645
137,65.32738208770752,0.3613177454099059,2.0849337577819824
138,65.73129296302795,0.38257171399891376,2.0603296756744385
139,66.43282175064087,0.38257171399891376,1.917234182357788
140,67.36819744110107,0.48884162679314613,1.9504355192184448
141,67.72959232330322,0.48884162679314613,1.8487799167633057
142,68.558669090271,0.5100956186652184,1.842463493347168
143,69.19642686843872,0.5100956186652184,1.8521864414215088
144,70.53571343421936,0.48884162679314613,1.7867164611816406
145,71.23724222183228,0.6376195233315229,1.810673713684082
146,72.17261791229248,0.7651434279978275,1.7523146867752075
147,72.42771983146667,0.807651411741972,1.7891802787780762
148,73.36309552192688,0.743889482691884,1.6627817153930664
149,74.44728016853333,0.7863974198698997,1.6805980205535889
150,76.2117326259613,0.743889482691884,1.6454041004180908
151,77.38094925880432,0.8714133873581886,1.5361549854278564
152,77.52975821495056,1.1902231723070145,1.443448543548584
153,78.42261791229248,1.2539850547909737,1.4437379837036133
154,79.16666269302368,1.3177470304071903,1.4101996421813965
155,79.8044204711914,1.4240169897675514,1.3725911378860474
156,80.44217228889465,1.2327310629189014,1.3812127113342285
157,80.95238208770752,1.1689691804349422,1.373368501663208
158,81.5263569355011,1.296493038535118,1.2684886455535889
159,82.33418464660645,1.4027629978954792,1.296108603477478
160,83.37584733963013,1.4665249735116959,1.217756986618042
161,84.09863710403442,1.487778965383768,1.1956377029418945
162,84.9064588546753,1.615302823483944,1.2065340280532837
163,85.5867326259613,1.6790647059679031,1.0369830131530762
164,85.8418345451355,1.8065886572003365,1.0874989032745361
165,86.47959232330322,1.997874490916729,1.0065152645111084
166,86.84098720550537,2.2529223933815956,1.0456304550170898
167,87.43622303009033,2.29543037712574,0.9632429480552673
168,88.11649680137634,2.4229543283581734,0.9912357330322266
169,88.28656077384949,2.380446344614029,0.8916307687759399
170,89.1794204711914,2.6567481458187103,0.9652684330940247
171,90.09353518486023,2.763018012046814,0.9195201396942139
172,90.45493006706238,2.996811829507351,0.8236402273178101
173,90.75254797935486,3.1030816957354546,0.8435089588165283
174,90.73129296302795,3.528161346912384,0.7550721168518066
175,91.3477897644043,3.7832092493772507,0.7586913108825684
176,92.15561151504517,3.995748981833458,0.745593249797821
177,92.8146243095398,4.080764949321747,0.7476376891136169
178,93.15475821495056,4.22954298555851,0.696274995803833
179,93.3035671710968,4.442082718014717,0.703069806098938
180,93.68622303009033,4.505844786763191,0.6978544592857361
181,94.06887292861938,4.782146587967873,0.7152602672576904
182,94.30271983146667,5.122210457921028,0.6273888349533081
183,94.57907676696777,5.419766157865524,0.6107426881790161
184,95.32312750816345,5.908607691526413,0.6090154647827148
185,95.64200639724731,5.951115861535072,0.5102717280387878
186,95.83333134651184,6.269925087690353,0.5603921413421631
187,96.1522102355957,6.397449225187302,0.48098957538604736
188,96.47108912467957,6.695005297660828,0.49793052673339844
189,96.72619104385376,6.780020892620087,0.5389557480812073
190,96.66241407394409,7.077576965093613,0.46013393998146057
191,96.93877100944519,7.205101102590561,0.4395311772823334
192,97.1513569355011,7.69394263625145,0.44270437955856323
193,97.44897484779358,7.927735894918442,0.43324142694473267
194,97.55526781082153,7.800212502479553,0.3652418851852417
195,97.74659872055054,8.182784169912338,0.3701634407043457
196,97.89540767669678,8.522848039865494,0.38870400190353394
197,98.17176461219788,8.905419707298279,0.32676857709884644
198,98.27805757522583,9.245483577251434,0.34191763401031494
199,98.53315949440002,9.330499172210693,0.3530147075653076
200,98.63945245742798,9.58554670214653,0.30061882734298706
201,98.8095223903656,10.286928713321686,0.31851595640182495
202,98.8307774066925,10.988309979438782,0.29978856444358826
203,98.93707036972046,11.052072048187256,0.28425055742263794
204,99.02210831642151,11.243357509374619,0.30541497468948364
205,99.10714030265808,11.370881646871567,0.2760177254676819
206,99.10714030265808,12.114771455526352,0.27643871307373047
207,99.17091727256775,12.28480339050293,0.24387851357460022
208,99.17091727256775,12.561105191707611,0.2713705897331238
209,99.29846525192261,12.879914045333862,0.24848610162734985
210,99.36224222183228,13.241232931613922,0.25406938791275024
211,99.42601919174194,13.900105655193329,0.238434299826622
212,99.46853518486023,14.17640745639801,0.21123534440994263
213,99.51105117797852,14.877788722515106,0.20935148000717163
214,99.5323121547699,15.239107608795166,0.20419946312904358
215,99.5323121547699,15.557916462421417,0.1962513029575348
216,99.5323121547699,16.11052006483078,0.1854311227798462
217,99.63860511779785,16.11052006483078,0.20697371661663055
218,99.70237612724304,16.705632209777832,0.16837652027606964
219,99.808669090271,16.854409873485565,0.1773015409708023
220,99.78741407394409,16.896918416023254,0.17042407393455505
221,99.808669090271,17.045696079730988,0.1732591688632965
222,99.82993006706238,17.534537613391876,0.16204068064689636
223,99.87244606018066,17.980870604515076,0.1406385600566864
224,99.87244606018066,18.554729223251343,0.14443182945251465
225,99.85119104385376,18.937300145626068,0.13196128606796265
226,99.87244606018066,19.234855473041534,0.13250628113746643
227,99.87244606018066,19.404888153076172,0.12796157598495483
228,99.87244606018066,19.8087140917778,0.1513136327266693
229,99.89370703697205,20.127522945404053,0.12322242558002472
230,99.91496205329895,20.78639715909958,0.12333270907402039
231,99.91496205329895,21.38150781393051,0.11742053925991058
232,99.93622303009033,21.99787348508835,0.1125568300485611
233,99.93622303009033,22.401699423789978,0.11246461421251297
234,99.93622303009033,22.5929856300354,0.11231435835361481
235,99.93622303009033,22.826778888702393,0.10319237411022186
236,99.95747804641724,22.848033905029297,0.11117995530366898
237,99.91496205329895,22.95430302619934,0.11115390807390213
238,99.89370703697205,23.166842758655548,0.09827958047389984
239,99.87244606018066,23.825716972351074,0.10319827497005463
240,99.89370703697205,24.16578084230423,0.09741547703742981
241,99.91496205329895,24.335812032222748,0.10852913558483124
242,99.91496205329895,24.824653565883636,0.08254460245370865
243,99.93622303009033,24.994686245918274,0.08733294904232025
244,99.95747804641724,25.441020727157593,0.090402752161026
245,99.95747804641724,25.69606602191925,0.07969574630260468
246,99.93622303009033,25.8235901594162,0.08805602788925171
247,99.95747804641724,26.269924640655518,0.0866885855793953
248,99.95747804641724,26.631242036819458,0.08201302587985992
249,99.95747804641724,27.056321501731873,0.07303580641746521
250,99.95747804641724,27.50265598297119,0.08324417471885681
251,99.95747804641724,27.927735447883606,0.07049045711755753
252,99.95747804641724,28.501594066619873,0.07703735679388046
253,99.95747804641724,29.181721806526184,0.07319676876068115
254,99.93622303009033,29.64930832386017,0.07006453722715378
255,99.93622303009033,29.92561161518097,0.07423959672451019
256,99.93622303009033,29.92561161518097,0.07148148119449615
257,99.93622303009033,30.15940487384796,0.06593097746372223
258,99.93622303009033,29.989373683929443,0.06561844050884247
259,99.95747804641724,30.20191192626953,0.07659262418746948
260,99.97873902320862,30.56322932243347,0.06804174184799194
261,99.97873902320862,30.69075345993042,0.06885113567113876
262,100.0,31.030818819999695,0.06387127935886383
263,100.0,31.17959499359131,0.058830127120018005
264,100.0,31.625929474830627,0.061911046504974365
265,100.0,32.00850188732147,0.06533736735582352
266,100.0,31.987246870994568,0.060403577983379364
267,100.0,32.53985047340393,0.0630655586719513
268,100.0,32.70988166332245,0.05794907733798027
269,100.0,32.75239169597626,0.06078676879405975
270,100.0,33.1137090921402,0.05704599618911743
271,100.0,33.30499529838562,0.06111789122223854
272,100.0,33.09245407581329,0.05990617722272873
273,100.0,33.496278524398804,0.056954432278871536
274,100.0,33.772581815719604,0.05624888837337494
275,100.0,34.19766128063202,0.05346926301717758
276,100.0,34.34644043445587,0.05594959855079651
277,100.0,34.856534004211426,0.049610674381256104
278,100.0,34.96280610561371,0.055821023881435394
279,100.0,35.28161346912384,0.051038458943367004
280,100.0,35.60042381286621,0.05409207195043564
281,100.0,35.81296503543854,0.05299317091703415
282,100.0,36.025503277778625,0.05068625882267952
283,100.0,36.471837759017944,0.04952411353588104
284,100.0,36.833155155181885,0.051188208162784576
285,100.0,37.0031863451004,0.044193871319293976
286,100.0,37.109458446502686,0.04652855917811394
287,100.0,37.36450374126434,0.04879109933972359
288,100.0,37.70456910133362,0.048145562410354614
289,100.0,37.85334527492523,0.04639618843793869
290,100.0,37.917107343673706,0.049674421548843384
291,100.0,38.12964856624603,0.04437093436717987
292,100.0,38.363441824913025,0.04552777484059334
293,100.0,38.46971094608307,0.047969359904527664
294,100.0,39.001062512397766,0.04600563645362854
295,100.0,39.128586649894714,0.043178338557481766
296,100.0,39.27736282348633,0.04820907860994339
297,100.0,39.489904046058655,0.044967494904994965
298,100.0,39.68119025230408,0.04920771345496178
299,100.0,39.99999761581421,0.043451663106679916
300,100.0,40.23379385471344,0.03998207300901413
301,100.0,40.658873319625854,0.046867672353982925
302,100.0,40.99893569946289,0.04349968954920769
303,100.0,41.21147692203522,0.040854789316654205
304,100.0,41.466525197029114,0.04588094353675842
305,100.0,41.53028726577759,0.04221639037132263
306,100.0,41.742825508117676,0.04335511475801468
307,100.0,42.01912879943848,0.04155890643596649
308,100.0,42.33793616294861,0.04210611432790756
309,100.0,42.550477385520935,0.04256734624505043
310,100.0,42.8480327129364,0.0432761088013649
311,100.0,43.230605125427246,0.040668003261089325
312,100.0,43.358129262924194,0.04073379933834076
313,100.0,43.50690543651581,0.0415491946041584
314,100.0,43.74070167541504,0.04217709228396416
315,100.0,44.10201907157898,0.04308846592903137
316,100.0,44.46333646774292,0.03931232541799545
317,100.0,44.612112641334534,0.04142938554286957
318,100.0,44.399574398994446,0.03803142160177231
319,100.0,44.73963677883148,0.03920779004693031
320,100.0,44.888415932655334,0.04249408841133118
321,100.0,44.973430037498474,0.039637092500925064
322,100.0,45.292240381240845,0.04062344878911972
323,100.0,45.39851248264313,0.039397239685058594
324,100.0,45.696067810058594,0.040770936757326126
325,100.0,45.86609899997711,0.03802153095602989
326,100.0,46.16365432739258,0.040549445897340775
327,100.0,46.12114727497101,0.041014932096004486
328,100.0,46.24867141246796,0.03817357122898102
329,100.0,46.6099888086319,0.04131793603301048
330,100.0,46.737512946128845,0.03754054754972458
331,100.0,47.20509946346283,0.03982022404670715
332,100.0,47.29011654853821,0.03861643373966217
333,100.0,47.29011654853821,0.03806159645318985
334,100.0,47.417640686035156,0.037022389471530914
335,100.0,47.69394099712372,0.0390893816947937
336,100.0,47.84272015094757,0.035616979002952576
337,100.0,47.97024428844452,0.03854716941714287
338,100.0,48.28905165195465,0.035983841866254807
339,100.0,48.54409992694855,0.038825877010822296
340,100.0,48.90541732311249,0.036804065108299255
341,100.0,49.09670352935791,0.03852936998009682
342,100.0,49.62805509567261,0.036052994430065155
343,100.0,49.64930713176727,0.036662470549345016
344,100.0,50.116896629333496,0.03761383891105652
345,100.0,50.35068988800049,0.03590293228626251
346,100.0,50.26567578315735,0.03469453752040863
347,100.0,50.47821402549744,0.03386268764734268
348,100.0,50.967055559158325,0.034134574234485626
349,100.0,51.20084881782532,0.03549806773662567
350,100.0,51.17959380149841,0.03679834306240082
351,100.0,51.455897092819214,0.03542650490999222
352,100.0,51.689690351486206,0.03694598376750946
353,100.0,52.02975273132324,0.03438093140721321
354,100.0,52.178531885147095,0.037440404295921326
355,100.0,52.454835176467896,0.03504696860909462
356,100.0,52.582359313964844,0.03581751137971878
357,100.0,52.77364253997803,0.036654360592365265
358,100.0,53.15621495246887,0.03556416928768158
359,100.0,53.28373908996582,0.034291792660951614
360,100.0,53.43251824378967,0.0367976538836956
361,100.0,53.87884974479675,0.036157116293907166
362,100.0,54.112643003463745,0.03618074953556061
363,100.0,54.388946294784546,0.035632699728012085
364,100.0,54.473960399627686,0.03288692235946655
365,100.0,54.750263690948486,0.035304661840200424
366,100.0,55.11158108711243,0.033673807978630066
367,100.0,55.38788437843323,0.033985838294029236
368,100.0,55.83421587944031,0.03269093483686447
369,100.0,56.21678829193115,0.032915908843278885
370,100.0,56.68437480926514,0.03353472054004669
371,100.0,56.811898946762085,0.032120801508426666
372,100.0,57.003188133239746,0.03373809531331062
373,100.0,57.173216342926025,0.03312098979949951
374,100.0,57.51328468322754,0.03381733596324921
375,100.0,57.42826461791992,0.03512664884328842
376,100.0,57.55578875541687,0.0325656495988369
377,100.0,57.74707794189453,0.03211230784654617
378,100.0,58.00212621688843,0.03170161321759224
379,100.0,58.257174491882324,0.0312948040664196
380,100.0,58.46971273422241,0.03272385150194168
381,100.0,58.63974094390869,0.03332904726266861
382,100.0,59.00105834007263,0.03470538184046745
383,100.0,59.468650817871094,0.03299160301685333
384,100.0,59.61742401123047,0.03601187467575073
385,100.0,60.04250645637512,0.032966289669275284
386,100.0,60.40382385253906,0.03143947198987007
387,100.0,60.89266538619995,0.034424424171447754
388,100.0,61.23272776603699,0.03163518011569977
389,100.0,61.487776041030884,0.03252825140953064
390,100.0,61.50903105735779,0.0342886745929718
391,100.0,61.46652102470398,0.03409109264612198
392,100.0,61.70032024383545,0.032344967126846313
393,100.0,61.70032024383545,0.03089626505970955
394,100.0,61.70032024383545,0.031119532883167267
395,100.0,61.89160346984863,0.03177531063556671
396,100.0,62.167906761169434,0.031540580093860626
397,100.0,62.42295503616333,0.03158814087510109
398,100.0,62.529224157333374,0.03153378516435623
399,100.0,62.86928653717041,0.03080022521317005
400,100.0,63.251858949661255,0.030359681695699692
401,100.0,63.528162240982056,0.031151045113801956
402,100.0,63.740700483322144,0.03161405771970749
403,100.0,64.16577696800232,0.02953718602657318
404,100.0,64.61211442947388,0.031760238111019135
405,100.0,64.71838355064392,0.03268495947122574
406,100.0,64.93092179298401,0.03291723504662514
407,100.0,65.1859700679779,0.03041660226881504
408,100.0,65.20722508430481,0.03205756098031998
409,100.0,65.52603244781494,0.03245444968342781
410,100.0,65.86610078811646,0.03000258281826973
411,100.0,66.12114310264587,0.028910670429468155
412,100.0,66.43995642662048,0.03018629364669323
413,100.0,66.65249466896057,0.030559180304408073
414,100.0,66.75876379013062,0.030520815402269363
415,100.0,67.18384623527527,0.028260307386517525
416,100.0,67.39638447761536,0.029382549226284027
417,100.0,67.60892271995544,0.02984989620745182
418,100.0,67.92773604393005,0.029907718300819397
419,100.0,68.3103084564209,0.03141385316848755
420,100.0,68.48033666610718,0.029654569923877716
421,100.0,68.86290907859802,0.03184155747294426
422,100.0,68.92667412757874,0.030668679624795914
423,100.0,69.28799152374268,0.030042652040719986
424,100.0,69.47927474975586,0.02755701169371605
425,100.0,69.62805390357971,0.030615050345659256
426,100.0,69.92561221122742,0.03017641231417656
427,100.0,69.8405921459198,0.03022097423672676
428,100.0,70.26567459106445,0.028984379023313522
429,100.0,70.3719437122345,0.02865133434534073
430,100.0,70.66949605941772,0.02878664806485176
431,100.0,70.73326110839844,0.029169373214244843
432,100.0,70.94579935073853,0.02954220212996006
433,100.0,70.96705436706543,0.02979815937578678
434,100.0,71.34962677955627,0.02897484600543976
435,100.0,71.75345420837402,0.028108762577176094
436,100.0,71.96599245071411,0.029137320816516876
437,100.0,72.1572756767273,0.028627973049879074
438,100.0,72.32730984687805,0.029537338763475418
439,100.0,72.64611721038818,0.027645770460367203
440,100.0,73.02868962287903,0.028587786480784416
441,100.0,73.36875200271606,0.027099909260869026
442,100.0,73.62380027770996,0.027280844748020172
443,100.0,73.90010356903076,0.028167448937892914
444,100.0,74.15515184402466,0.028573377057909966
445,100.0,74.32518601417542,0.02793172188103199
446,100.0,74.68650341033936,0.028087357059121132
447,100.0,74.7927725315094,0.02778949961066246
448,100.0,75.0690758228302,0.027118073776364326
449,100.0,75.17534494400024,0.02584577165544033
450,100.0,75.43039321899414,0.02730647101998329
451,100.0,75.36662817001343,0.02808859944343567
452,100.0,75.45164823532104,0.028220903128385544
453,100.0,75.91923475265503,0.027092784643173218
454,100.0,76.04675889015198,0.02773325890302658
455,100.0,76.21678709983826,0.02711457572877407
456,100.0,76.45058035850525,0.027470896020531654
457,100.0,76.68437361717224,0.02801860310137272
458,100.0,77.00318694114685,0.02796453796327114
459,100.0,77.47077345848083,0.026732809841632843
460,100.0,77.6620626449585,0.02820327691733837
461,100.0,77.72582173347473,0.026984140276908875
462,100.0,77.91710495948792,0.025988351553678513
463,100.0,78.12964916229248,0.026415348052978516
464,100.0,78.38469743728638,0.02902713045477867
465,100.0,78.70350480079651,0.026706546545028687
466,100.0,79.08607721328735,0.02732698805630207
467,100.0,79.04356718063354,0.028369490057229996
468,100.0,79.29861545562744,0.027138041332364082
469,100.0,79.34112548828125,0.02644338458776474
470,100.0,79.36238050460815,0.025372151285409927
471,100.0,79.38362956047058,0.025657344609498978
472,100.0,79.55366373062134,0.027535516768693924
473,100.0,79.87247705459595,0.02590283751487732
474,100.0,79.95749115943909,0.026304669678211212
475,100.0,80.25504350662231,0.026155374944210052
476,100.0,80.36131858825684,0.02550928294658661
477,100.0,80.46758770942688,0.026094362139701843
478,100.0,80.65887093544006,0.026604609563946724
479,100.0,80.82890510559082,0.026134399697184563
480,100.0,81.40276074409485,0.026885922998189926
481,100.0,81.67906403541565,0.025104627013206482
482,100.0,81.91285729408264,0.026249872520565987
483,100.0,82.0616364479065,0.025615418329834938
484,100.0,82.21040964126587,0.026002056896686554
485,100.0,82.33793377876282,0.02627507969737053
486,100.0,82.38044381141663,0.025770429521799088
487,100.0,82.67800211906433,0.02516886591911316
488,100.0,82.93305039405823,0.025793757289648056
489,100.0,83.06057453155518,0.023973336443305016
490,100.0,83.20934772491455,0.0257871150970459
491,100.0,83.20934772491455,0.02462046779692173
492,100.0,83.44314098358154,0.02507353387773037
493,100.0,83.52816104888916,0.02614269033074379
494,100.0,83.65568518638611,0.025568991899490356
495,100.0,83.54941606521606,0.024235278367996216
496,100.0,83.5919201374054,0.025136470794677734
497,100.0,83.80445837974548,0.0234284158796072
498,100.0,83.99574756622314,0.02454531379044056
499,100.0,84.10201668739319,0.025110945105552673
500,100.0,84.33580994606018,0.02564249560236931
501,100.0,84.50584411621094,0.024978993460536003
502,100.0,84.65462327003479,0.02593076601624489
503,100.0,84.93092060089111,0.024309495463967323
504,100.0,85.10095477104187,0.023656057193875313
505,100.0,85.37725806236267,0.0243823379278183
506,100.0,85.58979630470276,0.024253951385617256
507,100.0,85.84484457969666,0.024999134242534637
508,100.0,85.99362373352051,0.02457169070839882
509,100.0,86.2486720085144,0.024401411414146423
510,100.0,86.2274169921875,0.024509942159056664
511,100.0,86.2061619758606,0.023856397718191147
512,100.0,86.35494112968445,0.024300746619701385
513,100.0,86.46121025085449,0.02376079186797142
514,100.0,86.58873438835144,0.024061936885118484
515,100.0,86.78001761436462,0.024068310856819153
516,100.0,86.75876259803772,0.024606693536043167
517,100.0,86.99256181716919,0.02329789474606514
518,100.0,87.16259002685547,0.024159947410225868
519,100.0,87.26885914802551,0.023693423718214035
520,100.0,87.37512826919556,0.022451812401413918
521,100.0,87.39638328552246,0.023455342277884483
522,100.0,87.48140335083008,0.025085315108299255
523,100.0,87.65143156051636,0.023273836821317673
524,100.0,88.0340039730072,0.02404608577489853
525,100.0,88.16152811050415,0.024077579379081726
526,100.0,88.35281133651733,0.023756563663482666
527,100.0,88.5866105556488,0.02453366480767727
528,100.0,88.73538374900818,0.022743627429008484
529,100.0,88.84165287017822,0.022875923663377762
530,100.0,88.99043202400208,0.023859234526753426
531,100.0,89.22422528266907,0.023357361555099487
532,100.0,89.33049440383911,0.023463254794478416
533,100.0,89.33049440383911,0.023081958293914795
534,100.0,89.45801854133606,0.022784728556871414
535,100.0,89.64930772781372,0.02228623628616333
536,100.0,89.75557684898376,0.022432444617152214
537,100.0,89.73432183265686,0.023714907467365265
538,100.0,89.92561101913452,0.022154325619339943
539,100.0,89.90435600280762,0.023037154227495193
540,100.0,90.13814926147461,0.022999253123998642
541,100.0,90.28692841529846,0.02366698533296585
542,100.0,90.41445255279541,0.022191978991031647
543,100.0,90.43570160865784,0.022127516567707062
544,100.0,90.6482458114624,0.02286473847925663
545,100.0,90.71200489997864,0.023540986701846123
546,100.0,90.8820390701294,0.022538229823112488
547,100.0,90.98830819129944,0.022365901619195938
548,100.0,91.07332229614258,0.02233251929283142
549,100.0,91.05206727981567,0.021460816264152527
550,100.0,91.20084643363953,0.022307779639959335
551,100.0,91.41339063644409,0.022464493289589882
552,100.0,91.51965975761414,0.021708905696868896
553,100.0,91.60467386245728,0.022107452154159546
554,100.0,91.66843295097351,0.021474475041031837
555,100.0,91.73219799995422,0.022133316844701767
556,100.0,91.88097715377808,0.02265344187617302
557,100.0,91.94473624229431,0.022430095821619034
558,100.0,92.05100536346436,0.020872609689831734
559,100.0,92.19978451728821,0.02283455990254879
560,100.0,92.34856367111206,0.02259250357747078
561,100.0,92.32730865478516,0.02293550595641136
562,100.0,92.4548327922821,0.02189791388809681
563,100.0,92.51859784126282,0.021804632619023323
564,100.0,92.56110191345215,0.02118847891688347
565,100.0,92.83740520477295,0.021926935762166977
566,100.0,92.9649293422699,0.02151886187493801
567,100.0,93.07119846343994,0.021130060777068138
568,100.0,93.09245347976685,0.0210963636636734
569,100.0,93.04994344711304,0.021784286946058273
570,100.0,93.19872260093689,0.022339902818202972
571,100.0,93.34750175476074,0.02099713310599327
572,100.0,93.30499172210693,0.020807836204767227
573,100.0,93.51752996444702,0.020460564643144608
574,100.0,93.60255002975464,0.02160746231675148
575,100.0,93.75132322311401,0.021425267681479454
576,100.0,93.51752996444702,0.021496713161468506
577,100.0,93.64505410194397,0.02191198617219925
578,100.0,93.85759830474854,0.02118818089365959
579,100.0,93.98512244224548,0.021327245980501175
580,100.0,94.2401647567749,0.02091718465089798
581,100.0,94.34643983840942,0.02095954678952694
582,100.0,94.41019892692566,0.022074755281209946
583,100.0,94.4952130317688,0.020908864215016365
584,100.0,94.58023309707642,0.020711805671453476
585,100.0,94.72901225090027,0.021978020668029785
586,100.0,94.70775723457336,0.02100503258407116
587,100.0,94.7715163230896,0.021401531994342804
588,100.0,94.7715163230896,0.021448291838169098
589,100.0,94.85653042793274,0.02110266499221325
590,100.0,94.87778544425964,0.021328873932361603
591,100.0,95.11157870292664,0.01938718557357788
592,100.0,95.23910284042358,0.020267195999622345
593,100.0,95.3241229057312,0.021362971514463425
594,100.0,95.34537196159363,0.021177995949983597
595,100.0,95.40913701057434,0.02081717737019062
596,100.0,95.43039202690125,0.020659498870372772
597,100.0,95.60042023658752,0.020499851554632187
598,100.0,95.81296443939209,0.020499493926763535
599,100.0,95.89797854423523,0.02043158933520317
600,100.0,95.94048857688904,0.020435616374015808
601,100.0,95.91923356056213,0.02004883624613285
602,100.0,95.89797854423523,0.020243242383003235
603,100.0,95.94048857688904,0.019790850579738617
604,100.0,95.94048857688904,0.02013246715068817
605,100.0,96.04675769805908,0.020026149228215218
606,100.0,96.11051678657532,0.019921256229281425
607,100.0,96.19553685188293,0.020992975682020187
608,100.0,96.15302681922913,0.019743092358112335
609,100.0,96.06801271438599,0.01924116536974907
610,100.0,96.06801271438599,0.020770756527781487
611,100.0,96.19553685188293,0.01962878368794918
612,100.0,96.19553685188293,0.019457317888736725
613,100.0,96.30180597305298,0.020061057060956955
614,100.0,96.32306098937988,0.020142707973718643
615,100.0,96.49308919906616,0.020044423639774323
616,100.0,96.47183418273926,0.020227549597620964
617,100.0,96.55685424804688,0.020033329725265503
618,100.0,96.47183418273926,0.019951896741986275
619,100.0,96.45057916641235,0.019922181963920593
620,100.0,96.53559923171997,0.019459139555692673
621,100.0,96.62061333656311,0.019724739715456963
622,100.0,96.81190252304077,0.01930050179362297
623,100.0,96.81190252304077,0.019027646631002426
624,100.0,96.89691662788391,0.01999165490269661
625,100.0,96.93942666053772,0.019508760422468185
626,100.0,97.02444076538086,0.019501883536577225
627,100.0,97.1307098865509,0.018729958683252335
628,100.0,97.19446897506714,0.018527181819081306
629,100.0,97.1307098865509,0.01961338333785534
630,100.0,97.19446897506714,0.02013738825917244
631,100.0,97.34324812889099,0.01886361464858055
632,100.0,97.49202728271484,0.019062159582972527
633,100.0,97.44951725006104,0.019645966589450836
634,100.0,97.4070131778717,0.019493723288178444
635,100.0,97.42826819419861,0.019511744379997253
636,100.0,97.49202728271484,0.0193159282207489
637,100.0,97.47077226638794,0.019471947103738785
638,100.0,97.59829640388489,0.02044641226530075
639,100.0,97.6620614528656,0.019195815548300743
640,100.0,97.6408064365387,0.019909650087356567
641,100.0,97.78958559036255,0.018856417387723923
642,100.0,97.9171097278595,0.01950908824801445
643,100.0,97.89585471153259,0.019158879294991493
644,100.0,97.89585471153259,0.020106876268982887
645,100.0,97.98086881637573,0.019812878221273422
646,100.0,97.98086881637573,0.019226547330617905
647,100.0,98.02337884902954,0.019071243703365326
648,100.0,98.00212383270264,0.018832990899682045
649,100.0,98.06588292121887,0.01921609602868557
650,100.0,98.10839295387268,0.0197809599339962
651,100.0,98.10839295387268,0.01854505017399788
652,100.0,98.10839295387268,0.018516013398766518
653,100.0,98.12964797019958,0.01809420995414257
654,100.0,98.17215204238892,0.019227594137191772
655,100.0,98.29967617988586,0.01944509521126747
656,100.0,98.32093119621277,0.0180446095764637
657,100.0,98.21466207504272,0.01844276487827301
658,100.0,98.19340705871582,0.01913221925497055
659,100.0,98.12964797019958,0.01923917606472969
660,100.0,98.25717210769653,0.01932866871356964
661,100.0,98.27842712402344,0.018426019698381424
662,100.0,98.34218621253967,0.019087638705968857
663,100.0,98.38469624519348,0.018962740898132324
664,100.0,98.38469624519348,0.018216315656900406
665,100.0,98.40595126152039,0.018065989017486572
666,100.0,98.46971035003662,0.018052728846669197
667,100.0,98.51222038269043,0.018456578254699707
668,100.0,98.55472445487976,0.018732266500592232
669,100.0,98.53347539901733,0.017924364656209946
670,100.0,98.61848950386047,0.01762557215988636
671,100.0,98.59723448753357,0.01883833482861519
672,100.0,98.61848950386047,0.018553700298070908
673,100.0,98.68224859237671,0.01791411079466343
674,100.0,98.72475862503052,0.01815921999514103
675,100.0,98.76726865768433,0.01818925142288208
676,100.0,98.78851771354675,0.018613021820783615
677,100.0,98.85228276252747,0.017613641917705536
678,100.0,98.87353777885437,0.017849180847406387
679,100.0,98.83102774620056,0.01775585487484932
680,100.0,98.83102774620056,0.018305469304323196
681,100.0,98.89479279518127,0.018307998776435852
682,100.0,98.97980690002441,0.017779644578695297
683,100.0,98.95855188369751,0.017665082588791847
684,100.0,98.9372968673706,0.017856832593679428
685,100.0,98.97980690002441,0.017892178148031235
686,100.0,98.95855188369751,0.017839476466178894
687,100.0,98.89479279518127,0.018398195505142212
688,100.0,98.89479279518127,0.017520125955343246
689,100.0,98.89479279518127,0.017697542905807495
690,100.0,98.85228276252747,0.017505496740341187
691,100.0,98.89479279518127,0.018435053527355194
692,100.0,98.95855188369751,0.0175064355134964
693,100.0,99.00106191635132,0.017533212900161743
694,100.0,99.02231693267822,0.017734548076987267
695,100.0,99.06482100486755,0.018007151782512665
696,100.0,99.12858605384827,0.017306527122855186
697,100.0,99.1710901260376,0.01740207150578499
698,100.0,99.23485517501831,0.01800927147269249
699,100.0,99.23485517501831,0.017640767619013786
700,100.0,99.23485517501831,0.01736878976225853
701,100.0,99.25611019134521,0.017964430153369904
702,100.0,99.25611019134521,0.016794782131910324
703,100.0,99.2136001586914,0.01672343723475933
704,100.0,99.23485517501831,0.017387770116329193
705,100.0,99.2136001586914,0.01779390685260296
706,100.0,99.27735924720764,0.01774570718407631
707,100.0,99.31986927986145,0.017215266823768616
708,100.0,99.31986927986145,0.01765008270740509
709,100.0,99.36237931251526,0.017679687589406967
710,100.0,99.36237931251526,0.017199315130710602
711,100.0,99.34112429618835,0.017146959900856018
712,100.0,99.36237931251526,0.01736985333263874
713,100.0,99.38363432884216,0.01759478449821472
714,100.0,99.38363432884216,0.01738477498292923
715,100.0,99.38363432884216,0.018006183207035065
716,100.0,99.38363432884216,0.01754608005285263
717,100.0,99.40488338470459,0.016959844157099724
718,100.0,99.38363432884216,0.017324738204479218
719,100.0,99.4261384010315,0.01740366965532303
720,100.0,99.4261384010315,0.01675090566277504
721,100.0,99.4473934173584,0.017877064645290375
722,100.0,99.4473934173584,0.017225410789251328
723,100.0,99.4686484336853,0.01700783148407936
724,100.0,99.4899034500122,0.017230233177542686
725,100.0,99.53240752220154,0.0167304165661335
726,100.0,99.57491755485535,0.016761235892772675
727,100.0,99.57491755485535,0.017665427178144455
728,100.0,99.59617257118225,0.017246510833501816
729,100.0,99.59617257118225,0.0177888423204422
730,100.0,99.57491755485535,0.016198962926864624
731,100.0,99.4899034500122,0.017550384625792503
732,100.0,99.4686484336853,0.016373146325349808
733,100.0,99.4686484336853,0.016878200694918633
734,100.0,99.4899034500122,0.01728871464729309
735,100.0,99.53240752220154,0.016605490818619728
736,100.0,99.61742758750916,0.017174147069454193
737,100.0,99.59617257118225,0.016191788017749786
738,100.0,99.68118667602539,0.016683651134371758
739,100.0,99.63868260383606,0.017052818089723587
740,100.0,99.63868260383606,0.016309374943375587
741,100.0,99.7024416923523,0.016933104023337364
742,100.0,99.76620078086853,0.016426825895905495
743,100.0,99.68118667602539,0.01689409464597702
744,100.0,99.68118667602539,0.016444899141788483
745,100.0,99.7449517250061,0.016969045624136925
746,100.0,99.76620078086853,0.017167145386338234
747,100.0,99.76620078086853,0.0167766734957695
748,100.0,99.76620078086853,0.017336005344986916
749,100.0,99.76620078086853,0.01691374182701111
750,100.0,99.80871081352234,0.01593419536948204
751,100.0,99.80871081352234,0.01662837713956833
752,100.0,99.80871081352234,0.015602481551468372
753,100.0,99.82996582984924,0.016893938183784485
754,100.0,99.85122084617615,0.01667235977947712
755,100.0,99.87247586250305,0.016897685825824738
756,100.0,99.87247586250305,0.01653214916586876
757,100.0,99.87247586250305,0.015723329037427902
758,100.0,99.87247586250305,0.01618099771440029
759,100.0,99.87247586250305,0.016700007021427155
760,100.0,99.89372491836548,0.01588098518550396
761,100.0,99.91497993469238,0.016145290806889534
762,100.0,99.91497993469238,0.016221946105360985
763,100.0,99.89372491836548,0.016019577160477638
764,100.0,99.89372491836548,0.016039878129959106
765,100.0,99.89372491836548,0.01624375581741333
766,100.0,99.89372491836548,0.01634952425956726
767,100.0,99.89372491836548,0.01560952141880989
768,100.0,99.87247586250305,0.015555058605968952
769,100.0,99.87247586250305,0.01591310277581215
770,100.0,99.89372491836548,0.015626639127731323
771,100.0,99.91497993469238,0.01563870906829834
772,100.0,99.93623495101929,0.015540435910224915
773,100.0,99.93623495101929,0.015479132533073425
774,100.0,99.93623495101929,0.01610536128282547
775,100.0,99.93623495101929,0.015594184398651123
776,100.0,99.93623495101929,0.01598988100886345
777,100.0,99.95748996734619,0.01604960672557354
778,100.0,99.95748996734619,0.016041789203882217
779,100.0,99.95748996734619,0.015482038259506226
780,100.0,99.95748996734619,0.015413819812238216
781,100.0,99.93623495101929,0.015503248199820518
782,100.0,99.91497993469238,0.015879781916737556
783,100.0,99.93623495101929,0.015488073229789734
784,100.0,99.95748996734619,0.01587391085922718
785,100.0,99.95748996734619,0.01625346951186657
786,100.0,99.95748996734619,0.015237611718475819
787,100.0,99.95748996734619,0.015370765700936317
788,100.0,99.95748996734619,0.015021782368421555
789,100.0,99.95748996734619,0.015386338345706463
790,100.0,99.9787449836731,0.015173970721662045
791,100.0,99.9787449836731,0.015419051982462406
792,100.0,99.9787449836731,0.015656791627407074
793,100.0,99.9787449836731,0.01593170128762722
794,100.0,99.9787449836731,0.015501221641898155
795,100.0,99.9787449836731,0.015242457389831543
796,100.0,99.9787449836731,0.015808194875717163
797,100.0,99.9787449836731,0.015168304555118084
798,100.0,99.9787449836731,0.01492849737405777
799,100.0,99.9787449836731,0.014996436424553394
800,100.0,99.9787449836731,0.0153499785810709
801,100.0,99.9787449836731,0.01531162392348051
802,100.0,100.0,0.01536761224269867
803,100.0,100.0,0.015174678526818752
804,100.0,100.0,0.014933513477444649
805,100.0,100.0,0.01531289704144001
806,100.0,100.0,0.015049943700432777
807,100.0,100.0,0.015337231568992138
808,100.0,100.0,0.015428494662046432
809,100.0,100.0,0.01497805304825306
810,100.0,100.0,0.01481330581009388
811,100.0,100.0,0.015196670778095722
812,100.0,100.0,0.015225416049361229
813,100.0,100.0,0.014746388420462608
814,100.0,100.0,0.015031113289296627
815,100.0,100.0,0.015168224461376667
816,100.0,100.0,0.014373728074133396
817,100.0,100.0,0.015224892646074295
818,100.0,100.0,0.015080790966749191
819,100.0,100.0,0.014920542016625404
820,100.0,100.0,0.01501313503831625
821,100.0,100.0,0.014601211994886398
822,100.0,100.0,0.014499878510832787
823,100.0,100.0,0.014715759083628654
824,100.0,100.0,0.014895915053784847
825,100.0,100.0,0.014838824979960918
826,100.0,100.0,0.015016626566648483
827,100.0,100.0,0.014520799741148949
828,100.0,100.0,0.015029051341116428
829,100.0,100.0,0.01488582044839859
830,100.0,100.0,0.014518875628709793
831,100.0,100.0,0.015159402042627335
832,100.0,100.0,0.015233484096825123
833,100.0,100.0,0.014778357930481434
834,100.0,100.0,0.014758441597223282
835,100.0,100.0,0.015052665024995804
836,100.0,100.0,0.014247128739953041
837,100.0,100.0,0.014130840077996254
838,100.0,100.0,0.014936229214072227
839,100.0,100.0,0.014882706105709076
840,100.0,100.0,0.014363031834363937
841,100.0,100.0,0.01462407223880291
842,100.0,100.0,0.014028836041688919
843,100.0,100.0,0.014219570904970169
844,100.0,100.0,0.013975863344967365
845,100.0,100.0,0.014040706679224968
846,100.0,100.0,0.014297512359917164
847,100.0,100.0,0.014312393963336945
848,100.0,100.0,0.014485660940408707
849,100.0,100.0,0.014489846304059029
850,100.0,100.0,0.01415761187672615
851,100.0,100.0,0.014183888211846352
852,100.0,100.0,0.014472613111138344
853,100.0,100.0,0.014235330745577812
854,100.0,100.0,0.0150274857878685
855,100.0,100.0,0.013883543200790882
856,100.0,100.0,0.01439896784722805
857,100.0,100.0,0.014157632365822792
858,100.0,100.0,0.014000499621033669
859,100.0,100.0,0.014102021232247353
860,100.0,100.0,0.014435745775699615
861,100.0,100.0,0.014291447587311268
862,100.0,100.0,0.014093336649239063
863,100.0,100.0,0.014044811949133873
864,100.0,100.0,0.013867238536477089
865,100.0,100.0,0.014009226113557816
866,100.0,100.0,0.014203687198460102
867,100.0,100.0,0.01424223929643631
868,100.0,100.0,0.014330490492284298
869,100.0,100.0,0.013881493359804153
870,100.0,100.0,0.013866186141967773
871,100.0,100.0,0.014167030341923237
872,100.0,100.0,0.014275558292865753
873,100.0,100.0,0.013954581692814827
874,100.0,100.0,0.013787779957056046
875,100.0,100.0,0.014313125982880592
876,100.0,100.0,0.014452609233558178
877,100.0,100.0,0.013942202553153038
878,100.0,100.0,0.014017009176313877
879,100.0,100.0,0.014017202891409397
880,100.0,100.0,0.013659868389368057
881,100.0,100.0,0.013984828256070614
882,100.0,100.0,0.013376129791140556
883,100.0,100.0,0.01396619901061058
884,100.0,100.0,0.014021654613316059
885,100.0,100.0,0.014040623791515827
886,100.0,100.0,0.013878661207854748
887,100.0,100.0,0.014237429015338421
888,100.0,100.0,0.01418779045343399
889,100.0,100.0,0.013495583087205887
890,100.0,100.0,0.014204784296452999
891,100.0,100.0,0.013693196699023247
892,100.0,100.0,0.01345968246459961
893,100.0,100.0,0.013721691444516182
894,100.0,100.0,0.013717367313802242
895,100.0,100.0,0.0136595219373703
896,100.0,100.0,0.013833653181791306
897,100.0,100.0,0.014157528057694435
898,100.0,100.0,0.01359628140926361
899,100.0,100.0,0.0135276447981596
900,100.0,100.0,0.013862171210348606
901,100.0,100.0,0.013593136332929134
902,100.0,100.0,0.013484755530953407
903,100.0,100.0,0.013489454984664917
904,100.0,100.0,0.01387221459299326
905,100.0,100.0,0.013697730377316475
906,100.0,100.0,0.013488667085766792
907,100.0,100.0,0.013666307553648949
908,100.0,100.0,0.013812816701829433
909,100.0,100.0,0.013703112490475178
910,100.0,100.0,0.013353468850255013
911,100.0,100.0,0.01337776891887188
912,100.0,100.0,0.013677294366061687
913,100.0,100.0,0.013367126695811749
914,100.0,100.0,0.012959271669387817
915,100.0,100.0,0.01325251441448927
916,100.0,100.0,0.013320183381438255
917,100.0,100.0,0.013637012802064419
918,100.0,100.0,0.013231709599494934
919,100.0,100.0,0.01364333089441061
920,100.0,100.0,0.013836009427905083
921,100.0,100.0,0.013250025920569897
922,100.0,100.0,0.013249671086668968
923,100.0,100.0,0.01338706910610199
924,100.0,100.0,0.014038094319403172
925,100.0,100.0,0.013340567238628864
926,100.0,100.0,0.013461772352457047
927,100.0,100.0,0.013713023625314236
928,100.0,100.0,0.01335034891963005
929,100.0,100.0,0.013396177440881729
930,100.0,100.0,0.013300139456987381
931,100.0,100.0,0.013193648308515549
932,100.0,100.0,0.013333817943930626
933,100.0,100.0,0.013365655206143856
934,100.0,100.0,0.013259846717119217
935,100.0,100.0,0.013045139610767365
936,100.0,100.0,0.012988829985260963
937,100.0,100.0,0.013173394836485386
938,100.0,100.0,0.01319402176886797
939,100.0,100.0,0.01297954935580492
940,100.0,100.0,0.01277204044163227
941,100.0,100.0,0.013002151623368263
942,100.0,100.0,0.013282030820846558
943,100.0,100.0,0.012795894406735897
944,100.0,100.0,0.013253269717097282
945,100.0,100.0,0.01341753639280796
946,100.0,100.0,0.013002419844269753
947,100.0,100.0,0.013195831328630447
948,100.0,100.0,0.013359762728214264
949,100.0,100.0,0.012754848226904869
950,100.0,100.0,0.012660456821322441
951,100.0,100.0,0.013277764432132244
952,100.0,100.0,0.013401435688138008
953,100.0,100.0,0.01298440434038639
954,100.0,100.0,0.013376593589782715
955,100.0,100.0,0.013073335401713848
956,100.0,100.0,0.013032814487814903
957,100.0,100.0,0.013386612758040428
958,100.0,100.0,0.013047067448496819
959,100.0,100.0,0.012988894246518612
960,100.0,100.0,0.013094781897962093
961,100.0,100.0,0.012911785393953323
962,100.0,100.0,0.013010090216994286
963,100.0,100.0,0.013042151927947998
964,100.0,100.0,0.012993407435715199
965,100.0,100.0,0.013075614348053932
966,100.0,100.0,0.013139290735125542
967,100.0,100.0,0.013041388243436813
968,100.0,100.0,0.01320207305252552
969,100.0,100.0,0.012789661064743996
970,100.0,100.0,0.012683505192399025
971,100.0,100.0,0.012919161468744278
972,100.0,100.0,0.013143633492290974
973,100.0,100.0,0.012715503573417664
974,100.0,100.0,0.012529543600976467
975,100.0,100.0,0.0125916488468647
976,100.0,100.0,0.01278642751276493
977,100.0,100.0,0.012722237035632133
978,100.0,100.0,0.012453816831111908
979,100.0,100.0,0.012249162420630455
980,100.0,100.0,0.013034091331064701
981,100.0,100.0,0.012875784188508987
982,100.0,100.0,0.01270773634314537
983,100.0,100.0,0.012515712529420853
984,100.0,100.0,0.012805404141545296
985,100.0,100.0,0.012582210823893547
986,100.0,100.0,0.012750175781548023
987,100.0,100.0,0.012649837881326675
988,100.0,100.0,0.012793423607945442
989,100.0,100.0,0.01271512545645237
990,100.0,100.0,0.012913712300360203
991,100.0,100.0,0.012460068799555302
992,100.0,100.0,0.012870985083281994
993,100.0,100.0,0.012923224829137325
994,100.0,100.0,0.01274013053625822
995,100.0,100.0,0.012492042034864426
996,100.0,100.0,0.012588536366820335
997,100.0,100.0,0.012627419084310532
998,100.0,100.0,0.012239087373018265
999,100.0,100.0,0.012255756184458733
1000,100.0,100.0,0.012389084324240685
